[{"name":"app","description":null,"location":"index.html","searchKeys":["app"]},{"name":"com.project.agilugr","description":null,"location":"app/com.project.agilugr/index.html","searchKeys":["com.project.agilugr"]},{"name":"FocusAPI","description":null,"location":"app/com.project.agilugr/-focus-a-p-i/index.html","searchKeys":["FocusAPI"]},{"name":"FocusConfig","description":null,"location":"app/com.project.agilugr/-focus-config/index.html","searchKeys":["FocusConfig"]},{"name":"FocusSession","description":null,"location":"app/com.project.agilugr/-focus-session/index.html","searchKeys":["FocusSession"]},{"name":"MainActivity","description":null,"location":"app/com.project.agilugr/-main-activity/index.html","searchKeys":["MainActivity"]},{"name":"MockFocusAPI","description":null,"location":"app/com.project.agilugr/-mock-focus-a-p-i/index.html","searchKeys":["MockFocusAPI"]},{"name":"com.project.agilugr.backend","description":null,"location":"app/com.project.agilugr.backend/index.html","searchKeys":["com.project.agilugr.backend"]},{"name":"IndexAPI","description":null,"location":"app/com.project.agilugr.backend/-index-a-p-i/index.html","searchKeys":["IndexAPI"]},{"name":"MockedProfile","description":null,"location":"app/com.project.agilugr.backend/-mocked-profile/index.html","searchKeys":["MockedProfile"]},{"name":"com.project.agilugr.constants","description":null,"location":"app/com.project.agilugr.constants/index.html","searchKeys":["com.project.agilugr.constants"]},{"name":"ConstantsRepo","description":null,"location":"app/com.project.agilugr.constants/-constants-repo/index.html","searchKeys":["ConstantsRepo"]},{"name":"AppTitle","description":null,"location":"app/com.project.agilugr.constants/-constants-repo/-app-title/index.html","searchKeys":["AppTitle"]},{"name":"Degree","description":null,"location":"app/com.project.agilugr.constants/-constants-repo/-degree/index.html","searchKeys":["Degree"]},{"name":"ProfileMail","description":null,"location":"app/com.project.agilugr.constants/-constants-repo/-profile-mail/index.html","searchKeys":["ProfileMail"]},{"name":"ProfileName","description":null,"location":"app/com.project.agilugr.constants/-constants-repo/-profile-name/index.html","searchKeys":["ProfileName"]},{"name":"com.project.agilugr.ui.components","description":null,"location":"app/com.project.agilugr.ui.components/index.html","searchKeys":["com.project.agilugr.ui.components"]},{"name":"AlertBox","description":null,"location":"app/com.project.agilugr.ui.components/-alert-box/index.html","searchKeys":["AlertBox"]},{"name":"CardComponent","description":null,"location":"app/com.project.agilugr.ui.components/-card-component/index.html","searchKeys":["CardComponent"]},{"name":"CardComponentKt","description":null,"location":"app/com.project.agilugr.ui.components/-card-component-kt/index.html","searchKeys":["CardComponentKt"]},{"name":"ComponentAPI","description":null,"location":"app/com.project.agilugr.ui.components/-component-a-p-i/index.html","searchKeys":["ComponentAPI"]},{"name":"Header","description":null,"location":"app/com.project.agilugr.ui.components/-header/index.html","searchKeys":["Header"]},{"name":"HeaderForProfile","description":null,"location":"app/com.project.agilugr.ui.components/-header-for-profile/index.html","searchKeys":["HeaderForProfile"]},{"name":"HeaderKt","description":null,"location":"app/com.project.agilugr.ui.components/-header-kt/index.html","searchKeys":["HeaderKt"]},{"name":"HyperlinksKt","description":null,"location":"app/com.project.agilugr.ui.components/-hyperlinks-kt/index.html","searchKeys":["HyperlinksKt"]},{"name":"com.project.agilugr.ui.navigation","description":null,"location":"app/com.project.agilugr.ui.navigation/index.html","searchKeys":["com.project.agilugr.ui.navigation"]},{"name":"NavigationDirector","description":null,"location":"app/com.project.agilugr.ui.navigation/-navigation-director/index.html","searchKeys":["NavigationDirector"]},{"name":"NavigationMapper","description":null,"location":"app/com.project.agilugr.ui.navigation/-navigation-mapper/index.html","searchKeys":["NavigationMapper"]},{"name":"CALENDAR","description":null,"location":"app/com.project.agilugr.ui.navigation/-navigation-mapper/-c-a-l-e-n-d-a-r/index.html","searchKeys":["CALENDAR"]},{"name":"FOCUS_MODE_SELECTOR","description":null,"location":"app/com.project.agilugr.ui.navigation/-navigation-mapper/-f-o-c-u-s_-m-o-d-e_-s-e-l-e-c-t-o-r/index.html","searchKeys":["FOCUS_MODE_SELECTOR"]},{"name":"FOCUS_MODE_SESSION","description":null,"location":"app/com.project.agilugr.ui.navigation/-navigation-mapper/-f-o-c-u-s_-m-o-d-e_-s-e-s-s-i-o-n/index.html","searchKeys":["FOCUS_MODE_SESSION"]},{"name":"MAIN_VIEW","description":null,"location":"app/com.project.agilugr.ui.navigation/-navigation-mapper/-m-a-i-n_-v-i-e-w/index.html","searchKeys":["MAIN_VIEW"]},{"name":"PERFIL_MODE","description":null,"location":"app/com.project.agilugr.ui.navigation/-navigation-mapper/-p-e-r-f-i-l_-m-o-d-e/index.html","searchKeys":["PERFIL_MODE"]},{"name":"STATS","description":null,"location":"app/com.project.agilugr.ui.navigation/-navigation-mapper/-s-t-a-t-s/index.html","searchKeys":["STATS"]},{"name":"TUI_VIEW","description":null,"location":"app/com.project.agilugr.ui.navigation/-navigation-mapper/-t-u-i_-v-i-e-w/index.html","searchKeys":["TUI_VIEW"]},{"name":"NavigationMapperKt","description":null,"location":"app/com.project.agilugr.ui.navigation/-navigation-mapper-kt/index.html","searchKeys":["NavigationMapperKt"]},{"name":"com.project.agilugr.ui.theme","description":null,"location":"app/com.project.agilugr.ui.theme/index.html","searchKeys":["com.project.agilugr.ui.theme"]},{"name":"ColorKt","description":null,"location":"app/com.project.agilugr.ui.theme/-color-kt/index.html","searchKeys":["ColorKt"]},{"name":"ShapeKt","description":null,"location":"app/com.project.agilugr.ui.theme/-shape-kt/index.html","searchKeys":["ShapeKt"]},{"name":"ThemeKt","description":null,"location":"app/com.project.agilugr.ui.theme/-theme-kt/index.html","searchKeys":["ThemeKt"]},{"name":"TypeKt","description":null,"location":"app/com.project.agilugr.ui.theme/-type-kt/index.html","searchKeys":["TypeKt"]},{"name":"com.project.agilugr.ui.views","description":null,"location":"app/com.project.agilugr.ui.views/index.html","searchKeys":["com.project.agilugr.ui.views"]},{"name":"Calendario","description":null,"location":"app/com.project.agilugr.ui.views/-calendario/index.html","searchKeys":["Calendario"]},{"name":"CalendarKt","description":null,"location":"app/com.project.agilugr.ui.views/-calendar-kt/index.html","searchKeys":["CalendarKt"]},{"name":"CalposeActions","description":null,"location":"app/com.project.agilugr.ui.views/-calpose-actions/index.html","searchKeys":["CalposeActions"]},{"name":"CalposeDate","description":null,"location":"app/com.project.agilugr.ui.views/-calpose-date/index.html","searchKeys":["CalposeDate"]},{"name":"CalposeProperties","description":null,"location":"app/com.project.agilugr.ui.views/-calpose-properties/index.html","searchKeys":["CalposeProperties"]},{"name":"CalposeWidgets","description":null,"location":"app/com.project.agilugr.ui.views/-calpose-widgets/index.html","searchKeys":["CalposeWidgets"]},{"name":"FocusModeSelector","description":null,"location":"app/com.project.agilugr.ui.views/-focus-mode-selector/index.html","searchKeys":["FocusModeSelector"]},{"name":"FocusModeSelectorKt","description":null,"location":"app/com.project.agilugr.ui.views/-focus-mode-selector-kt/index.html","searchKeys":["FocusModeSelectorKt"]},{"name":"FocusModeSessionView","description":null,"location":"app/com.project.agilugr.ui.views/-focus-mode-session-view/index.html","searchKeys":["FocusModeSessionView"]},{"name":"FocusModeSessionViewKt","description":null,"location":"app/com.project.agilugr.ui.views/-focus-mode-session-view-kt/index.html","searchKeys":["FocusModeSessionViewKt"]},{"name":"IndexSelector","description":null,"location":"app/com.project.agilugr.ui.views/-index-selector/index.html","searchKeys":["IndexSelector"]},{"name":"IndexSelectorKt","description":null,"location":"app/com.project.agilugr.ui.views/-index-selector-kt/index.html","searchKeys":["IndexSelectorKt"]},{"name":"PerfilMode","description":null,"location":"app/com.project.agilugr.ui.views/-perfil-mode/index.html","searchKeys":["PerfilMode"]},{"name":"PerfilModeKt","description":null,"location":"app/com.project.agilugr.ui.views/-perfil-mode-kt/index.html","searchKeys":["PerfilModeKt"]},{"name":"StatsView","description":null,"location":"app/com.project.agilugr.ui.views/-stats-view/index.html","searchKeys":["StatsView"]},{"name":"TuiView","description":null,"location":"app/com.project.agilugr.ui.views/-tui-view/index.html","searchKeys":["TuiView"]},{"name":"com.project.agilugr.utils","description":null,"location":"app/com.project.agilugr.utils/index.html","searchKeys":["com.project.agilugr.utils"]},{"name":"ColorsKt","description":null,"location":"app/com.project.agilugr.utils/-colors-kt/index.html","searchKeys":["ColorsKt"]},{"name":"phone_dimensions","description":null,"location":"app/com.project.agilugr.utils/phone_dimensions/index.html","searchKeys":["phone_dimensions"]},{"name":"SessionDuration","description":null,"location":"app/com.project.agilugr.utils/-session-duration/index.html","searchKeys":["SessionDuration"]}]
