[{"name":"AlertBox AlertBox(List<String> alerts, Color cardBackgroundColor, Color textColor)","description":"com.project.agilugr.ui.components.AlertBox.AlertBox","location":"app/com.project.agilugr.ui.components/-alert-box/-alert-box.html","searchKeys":["AlertBox","AlertBox AlertBox(List<String> alerts, Color cardBackgroundColor, Color textColor)","com.project.agilugr.ui.components.AlertBox.AlertBox"]},{"name":"AppTitle","description":"com.project.agilugr.constants.ConstantsRepo.AppTitle","location":"app/com.project.agilugr.constants/-constants-repo/-app-title/index.html","searchKeys":["AppTitle","AppTitle","com.project.agilugr.constants.ConstantsRepo.AppTitle"]},{"name":"Boolean onTouchEvent(MotionEvent event)","description":"com.project.agilugr.MainActivity.onTouchEvent","location":"app/com.project.agilugr/-main-activity/on-touch-event.html","searchKeys":["onTouchEvent","Boolean onTouchEvent(MotionEvent event)","com.project.agilugr.MainActivity.onTouchEvent"]},{"name":"CALENDAR","description":"com.project.agilugr.ui.navigation.NavigationMapper.CALENDAR","location":"app/com.project.agilugr.ui.navigation/-navigation-mapper/-c-a-l-e-n-d-a-r/index.html","searchKeys":["CALENDAR","CALENDAR","com.project.agilugr.ui.navigation.NavigationMapper.CALENDAR"]},{"name":"Calendario Calendario(NavController navController)","description":"com.project.agilugr.ui.views.Calendario.Calendario","location":"app/com.project.agilugr.ui.views/-calendario/-calendario.html","searchKeys":["Calendario","Calendario Calendario(NavController navController)","com.project.agilugr.ui.views.Calendario.Calendario"]},{"name":"CalposeActions CalposeActions(Function0<Unit> onClickedPreviousMonth, Function0<Unit> onClickedNextMonth, Function0<Unit> onSwipedPreviousMonth, Function0<Unit> onSwipedNextMonth)","description":"com.project.agilugr.ui.views.CalposeActions.CalposeActions","location":"app/com.project.agilugr.ui.views/-calpose-actions/-calpose-actions.html","searchKeys":["CalposeActions","CalposeActions CalposeActions(Function0<Unit> onClickedPreviousMonth, Function0<Unit> onClickedNextMonth, Function0<Unit> onSwipedPreviousMonth, Function0<Unit> onSwipedNextMonth)","com.project.agilugr.ui.views.CalposeActions.CalposeActions"]},{"name":"CalposeDate CalposeDate(Integer day, DayOfWeek dayOfWeek, YearMonth month)","description":"com.project.agilugr.ui.views.CalposeDate.CalposeDate","location":"app/com.project.agilugr.ui.views/-calpose-date/-calpose-date.html","searchKeys":["CalposeDate","CalposeDate CalposeDate(Integer day, DayOfWeek dayOfWeek, YearMonth month)","com.project.agilugr.ui.views.CalposeDate.CalposeDate"]},{"name":"CalposeProperties CalposeProperties(FiniteAnimationSpec<Float> changeMonthAnimation, Integer changeMonthSwipeTriggerVelocity)","description":"com.project.agilugr.ui.views.CalposeProperties.CalposeProperties","location":"app/com.project.agilugr.ui.views/-calpose-properties/-calpose-properties.html","searchKeys":["CalposeProperties","CalposeProperties CalposeProperties(FiniteAnimationSpec<Float> changeMonthAnimation, Integer changeMonthSwipeTriggerVelocity)","com.project.agilugr.ui.views.CalposeProperties.CalposeProperties"]},{"name":"CalposeWidgets CalposeWidgets(Function3<YearMonth, YearMonth, CalposeActions, Unit> header, Function1<Set<DayOfWeek>, Unit> headerDayRow, Function3<RowScope, CalposeDate, CalposeDate, Unit> day, Function2<RowScope, CalposeDate, Unit> priorMonthDay, Function2<RowScope, CalposeDate, Unit> nextMonthDay, Function1<Function0<Unit>, Unit> headerContainer, Function1<Function0<Unit>, Unit> monthContainer, Function1<Function0<Unit>, Unit> weekContainer)","description":"com.project.agilugr.ui.views.CalposeWidgets.CalposeWidgets","location":"app/com.project.agilugr.ui.views/-calpose-widgets/-calpose-widgets.html","searchKeys":["CalposeWidgets","CalposeWidgets CalposeWidgets(Function3<YearMonth, YearMonth, CalposeActions, Unit> header, Function1<Set<DayOfWeek>, Unit> headerDayRow, Function3<RowScope, CalposeDate, CalposeDate, Unit> day, Function2<RowScope, CalposeDate, Unit> priorMonthDay, Function2<RowScope, CalposeDate, Unit> nextMonthDay, Function1<Function0<Unit>, Unit> headerContainer, Function1<Function0<Unit>, Unit> monthContainer, Function1<Function0<Unit>, Unit> weekContainer)","com.project.agilugr.ui.views.CalposeWidgets.CalposeWidgets"]},{"name":"CardComponent CardComponent(String text, Color backgroundColor, Color textColor, Color circleColor, Function0<Unit> onClick)","description":"com.project.agilugr.ui.components.CardComponent.CardComponent","location":"app/com.project.agilugr.ui.components/-card-component/-card-component.html","searchKeys":["CardComponent","CardComponent CardComponent(String text, Color backgroundColor, Color textColor, Color circleColor, Function0<Unit> onClick)","com.project.agilugr.ui.components.CardComponent.CardComponent"]},{"name":"Degree","description":"com.project.agilugr.constants.ConstantsRepo.Degree","location":"app/com.project.agilugr.constants/-constants-repo/-degree/index.html","searchKeys":["Degree","Degree","com.project.agilugr.constants.ConstantsRepo.Degree"]},{"name":"FOCUS_MODE_SELECTOR","description":"com.project.agilugr.ui.navigation.NavigationMapper.FOCUS_MODE_SELECTOR","location":"app/com.project.agilugr.ui.navigation/-navigation-mapper/-f-o-c-u-s_-m-o-d-e_-s-e-l-e-c-t-o-r/index.html","searchKeys":["FOCUS_MODE_SELECTOR","FOCUS_MODE_SELECTOR","com.project.agilugr.ui.navigation.NavigationMapper.FOCUS_MODE_SELECTOR"]},{"name":"FOCUS_MODE_SESSION","description":"com.project.agilugr.ui.navigation.NavigationMapper.FOCUS_MODE_SESSION","location":"app/com.project.agilugr.ui.navigation/-navigation-mapper/-f-o-c-u-s_-m-o-d-e_-s-e-s-s-i-o-n/index.html","searchKeys":["FOCUS_MODE_SESSION","FOCUS_MODE_SESSION","com.project.agilugr.ui.navigation.NavigationMapper.FOCUS_MODE_SESSION"]},{"name":"FocusConfig FocusConfig(SessionDuration duration)","description":"com.project.agilugr.FocusConfig.FocusConfig","location":"app/com.project.agilugr/-focus-config/-focus-config.html","searchKeys":["FocusConfig","FocusConfig FocusConfig(SessionDuration duration)","com.project.agilugr.FocusConfig.FocusConfig"]},{"name":"FocusConfig getRunningFocusConfig()","description":"com.project.agilugr.MockFocusAPI.getRunningFocusConfig","location":"app/com.project.agilugr/-mock-focus-a-p-i/get-running-focus-config.html","searchKeys":["getRunningFocusConfig","FocusConfig getRunningFocusConfig()","com.project.agilugr.MockFocusAPI.getRunningFocusConfig"]},{"name":"FocusModeSelector FocusModeSelector(FocusAPI focus_api, NavController navController)","description":"com.project.agilugr.ui.views.FocusModeSelector.FocusModeSelector","location":"app/com.project.agilugr.ui.views/-focus-mode-selector/-focus-mode-selector.html","searchKeys":["FocusModeSelector","FocusModeSelector FocusModeSelector(FocusAPI focus_api, NavController navController)","com.project.agilugr.ui.views.FocusModeSelector.FocusModeSelector"]},{"name":"FocusModeSessionView FocusModeSessionView(FocusAPI focus_api, NavController navController)","description":"com.project.agilugr.ui.views.FocusModeSessionView.FocusModeSessionView","location":"app/com.project.agilugr.ui.views/-focus-mode-session-view/-focus-mode-session-view.html","searchKeys":["FocusModeSessionView","FocusModeSessionView FocusModeSessionView(FocusAPI focus_api, NavController navController)","com.project.agilugr.ui.views.FocusModeSessionView.FocusModeSessionView"]},{"name":"FocusSession FocusSession(FocusConfig focus_config)","description":"com.project.agilugr.FocusSession.FocusSession","location":"app/com.project.agilugr/-focus-session/-focus-session.html","searchKeys":["FocusSession","FocusSession FocusSession(FocusConfig focus_config)","com.project.agilugr.FocusSession.FocusSession"]},{"name":"FocusSession getRunningFocusMode()","description":"com.project.agilugr.MockFocusAPI.getRunningFocusMode","location":"app/com.project.agilugr/-mock-focus-a-p-i/get-running-focus-mode.html","searchKeys":["getRunningFocusMode","FocusSession getRunningFocusMode()","com.project.agilugr.MockFocusAPI.getRunningFocusMode"]},{"name":"HeaderForProfile HeaderForProfile()","description":"com.project.agilugr.ui.components.HeaderForProfile.HeaderForProfile","location":"app/com.project.agilugr.ui.components/-header-for-profile/-header-for-profile.html","searchKeys":["HeaderForProfile","HeaderForProfile HeaderForProfile()","com.project.agilugr.ui.components.HeaderForProfile.HeaderForProfile"]},{"name":"Header Header()","description":"com.project.agilugr.ui.components.Header.Header","location":"app/com.project.agilugr.ui.components/-header/-header.html","searchKeys":["Header","Header Header()","com.project.agilugr.ui.components.Header.Header"]},{"name":"IndexSelector IndexSelector(IndexAPI indexApi, NavController navController)","description":"com.project.agilugr.ui.views.IndexSelector.IndexSelector","location":"app/com.project.agilugr.ui.views/-index-selector/-index-selector.html","searchKeys":["IndexSelector","IndexSelector IndexSelector(IndexAPI indexApi, NavController navController)","com.project.agilugr.ui.views.IndexSelector.IndexSelector"]},{"name":"List<FocusConfig> getAllConfigs()","description":"com.project.agilugr.MockFocusAPI.getAllConfigs","location":"app/com.project.agilugr/-mock-focus-a-p-i/get-all-configs.html","searchKeys":["getAllConfigs","List<FocusConfig> getAllConfigs()","com.project.agilugr.MockFocusAPI.getAllConfigs"]},{"name":"List<String> getAlert()","description":"com.project.agilugr.backend.MockedProfile.getAlert","location":"app/com.project.agilugr.backend/-mocked-profile/get-alert.html","searchKeys":["getAlert","List<String> getAlert()","com.project.agilugr.backend.MockedProfile.getAlert"]},{"name":"MAIN_VIEW","description":"com.project.agilugr.ui.navigation.NavigationMapper.MAIN_VIEW","location":"app/com.project.agilugr.ui.navigation/-navigation-mapper/-m-a-i-n_-v-i-e-w/index.html","searchKeys":["MAIN_VIEW","MAIN_VIEW","com.project.agilugr.ui.navigation.NavigationMapper.MAIN_VIEW"]},{"name":"MainActivity MainActivity()","description":"com.project.agilugr.MainActivity.MainActivity","location":"app/com.project.agilugr/-main-activity/-main-activity.html","searchKeys":["MainActivity","MainActivity MainActivity()","com.project.agilugr.MainActivity.MainActivity"]},{"name":"MockFocusAPI MockFocusAPI(List<FocusConfig> focus_configs, FocusSession current_focus_session)","description":"com.project.agilugr.MockFocusAPI.MockFocusAPI","location":"app/com.project.agilugr/-mock-focus-a-p-i/-mock-focus-a-p-i.html","searchKeys":["MockFocusAPI","MockFocusAPI MockFocusAPI(List<FocusConfig> focus_configs, FocusSession current_focus_session)","com.project.agilugr.MockFocusAPI.MockFocusAPI"]},{"name":"MockedProfile MockedProfile()","description":"com.project.agilugr.backend.MockedProfile.MockedProfile","location":"app/com.project.agilugr.backend/-mocked-profile/-mocked-profile.html","searchKeys":["MockedProfile","MockedProfile MockedProfile()","com.project.agilugr.backend.MockedProfile.MockedProfile"]},{"name":"NavigationDirector NavigationDirector(FocusAPI focus_api)","description":"com.project.agilugr.ui.navigation.NavigationDirector.NavigationDirector","location":"app/com.project.agilugr.ui.navigation/-navigation-director/-navigation-director.html","searchKeys":["NavigationDirector","NavigationDirector NavigationDirector(FocusAPI focus_api)","com.project.agilugr.ui.navigation.NavigationDirector.NavigationDirector"]},{"name":"PERFIL_MODE","description":"com.project.agilugr.ui.navigation.NavigationMapper.PERFIL_MODE","location":"app/com.project.agilugr.ui.navigation/-navigation-mapper/-p-e-r-f-i-l_-m-o-d-e/index.html","searchKeys":["PERFIL_MODE","PERFIL_MODE","com.project.agilugr.ui.navigation.NavigationMapper.PERFIL_MODE"]},{"name":"PerfilMode PerfilMode()","description":"com.project.agilugr.ui.views.PerfilMode.PerfilMode","location":"app/com.project.agilugr.ui.views/-perfil-mode/-perfil-mode.html","searchKeys":["PerfilMode","PerfilMode PerfilMode()","com.project.agilugr.ui.views.PerfilMode.PerfilMode"]},{"name":"ProfileMail","description":"com.project.agilugr.constants.ConstantsRepo.ProfileMail","location":"app/com.project.agilugr.constants/-constants-repo/-profile-mail/index.html","searchKeys":["ProfileMail","ProfileMail","com.project.agilugr.constants.ConstantsRepo.ProfileMail"]},{"name":"ProfileName","description":"com.project.agilugr.constants.ConstantsRepo.ProfileName","location":"app/com.project.agilugr.constants/-constants-repo/-profile-name/index.html","searchKeys":["ProfileName","ProfileName","com.project.agilugr.constants.ConstantsRepo.ProfileName"]},{"name":"STATS","description":"com.project.agilugr.ui.navigation.NavigationMapper.STATS","location":"app/com.project.agilugr.ui.navigation/-navigation-mapper/-s-t-a-t-s/index.html","searchKeys":["STATS","STATS","com.project.agilugr.ui.navigation.NavigationMapper.STATS"]},{"name":"SessionDuration SessionDuration(Integer hours, Integer minutes, Integer seconds)","description":"com.project.agilugr.utils.SessionDuration.SessionDuration","location":"app/com.project.agilugr.utils/-session-duration/-session-duration.html","searchKeys":["SessionDuration","SessionDuration SessionDuration(Integer hours, Integer minutes, Integer seconds)","com.project.agilugr.utils.SessionDuration.SessionDuration"]},{"name":"StatsView StatsView(NavController navController, FusedLocationProviderClient fusedLocationClient)","description":"com.project.agilugr.ui.views.StatsView.StatsView","location":"app/com.project.agilugr.ui.views/-stats-view/-stats-view.html","searchKeys":["StatsView","StatsView StatsView(NavController navController, FusedLocationProviderClient fusedLocationClient)","com.project.agilugr.ui.views.StatsView.StatsView"]},{"name":"String toString()","description":"com.project.agilugr.FocusConfig.toString","location":"app/com.project.agilugr/-focus-config/to-string.html","searchKeys":["toString","String toString()","com.project.agilugr.FocusConfig.toString"]},{"name":"TUI_VIEW","description":"com.project.agilugr.ui.navigation.NavigationMapper.TUI_VIEW","location":"app/com.project.agilugr.ui.navigation/-navigation-mapper/-t-u-i_-v-i-e-w/index.html","searchKeys":["TUI_VIEW","TUI_VIEW","com.project.agilugr.ui.navigation.NavigationMapper.TUI_VIEW"]},{"name":"TuiView TuiView(NavController navController)","description":"com.project.agilugr.ui.views.TuiView.TuiView","location":"app/com.project.agilugr.ui.views/-tui-view/-tui-view.html","searchKeys":["TuiView","TuiView TuiView(NavController navController)","com.project.agilugr.ui.views.TuiView.TuiView"]},{"name":"Unit getComponent()","description":"com.project.agilugr.ui.components.AlertBox.getComponent","location":"app/com.project.agilugr.ui.components/-alert-box/get-component.html","searchKeys":["getComponent","Unit getComponent()","com.project.agilugr.ui.components.AlertBox.getComponent"]},{"name":"Unit getComponent()","description":"com.project.agilugr.ui.components.CardComponent.getComponent","location":"app/com.project.agilugr.ui.components/-card-component/get-component.html","searchKeys":["getComponent","Unit getComponent()","com.project.agilugr.ui.components.CardComponent.getComponent"]},{"name":"Unit getComponent()","description":"com.project.agilugr.ui.components.Header.getComponent","location":"app/com.project.agilugr.ui.components/-header/get-component.html","searchKeys":["getComponent","Unit getComponent()","com.project.agilugr.ui.components.Header.getComponent"]},{"name":"Unit getComponent()","description":"com.project.agilugr.ui.components.HeaderForProfile.getComponent","location":"app/com.project.agilugr.ui.components/-header-for-profile/get-component.html","searchKeys":["getComponent","Unit getComponent()","com.project.agilugr.ui.components.HeaderForProfile.getComponent"]},{"name":"Unit runFocusMode(FocusConfig config)","description":"com.project.agilugr.MockFocusAPI.runFocusMode","location":"app/com.project.agilugr/-mock-focus-a-p-i/run-focus-mode.html","searchKeys":["runFocusMode","Unit runFocusMode(FocusConfig config)","com.project.agilugr.MockFocusAPI.runFocusMode"]},{"name":"abstract FocusConfig getRunningFocusConfig()","description":"com.project.agilugr.FocusAPI.getRunningFocusConfig","location":"app/com.project.agilugr/-focus-a-p-i/get-running-focus-config.html","searchKeys":["getRunningFocusConfig","abstract FocusConfig getRunningFocusConfig()","com.project.agilugr.FocusAPI.getRunningFocusConfig"]},{"name":"abstract FocusSession getRunningFocusMode()","description":"com.project.agilugr.FocusAPI.getRunningFocusMode","location":"app/com.project.agilugr/-focus-a-p-i/get-running-focus-mode.html","searchKeys":["getRunningFocusMode","abstract FocusSession getRunningFocusMode()","com.project.agilugr.FocusAPI.getRunningFocusMode"]},{"name":"abstract List<FocusConfig> getAllConfigs()","description":"com.project.agilugr.FocusAPI.getAllConfigs","location":"app/com.project.agilugr/-focus-a-p-i/get-all-configs.html","searchKeys":["getAllConfigs","abstract List<FocusConfig> getAllConfigs()","com.project.agilugr.FocusAPI.getAllConfigs"]},{"name":"abstract List<String> getAlert()","description":"com.project.agilugr.backend.IndexAPI.getAlert","location":"app/com.project.agilugr.backend/-index-a-p-i/get-alert.html","searchKeys":["getAlert","abstract List<String> getAlert()","com.project.agilugr.backend.IndexAPI.getAlert"]},{"name":"abstract Unit getComponent()","description":"com.project.agilugr.ui.components.ComponentAPI.getComponent","location":"app/com.project.agilugr.ui.components/-component-a-p-i/get-component.html","searchKeys":["getComponent","abstract Unit getComponent()","com.project.agilugr.ui.components.ComponentAPI.getComponent"]},{"name":"abstract Unit runFocusMode(FocusConfig config)","description":"com.project.agilugr.FocusAPI.runFocusMode","location":"app/com.project.agilugr/-focus-a-p-i/run-focus-mode.html","searchKeys":["runFocusMode","abstract Unit runFocusMode(FocusConfig config)","com.project.agilugr.FocusAPI.runFocusMode"]},{"name":"final Color getBackgroundColor()","description":"com.project.agilugr.ui.components.CardComponent.getBackgroundColor","location":"app/com.project.agilugr.ui.components/-card-component/get-background-color.html","searchKeys":["getBackgroundColor","final Color getBackgroundColor()","com.project.agilugr.ui.components.CardComponent.getBackgroundColor"]},{"name":"final Color getCardBackgroundColor()","description":"com.project.agilugr.ui.components.AlertBox.getCardBackgroundColor","location":"app/com.project.agilugr.ui.components/-alert-box/get-card-background-color.html","searchKeys":["getCardBackgroundColor","final Color getCardBackgroundColor()","com.project.agilugr.ui.components.AlertBox.getCardBackgroundColor"]},{"name":"final Color getCircleColor()","description":"com.project.agilugr.ui.components.CardComponent.getCircleColor","location":"app/com.project.agilugr.ui.components/-card-component/get-circle-color.html","searchKeys":["getCircleColor","final Color getCircleColor()","com.project.agilugr.ui.components.CardComponent.getCircleColor"]},{"name":"final Color getPurple200()","description":"com.project.agilugr.ui.theme.ColorKt.getPurple200","location":"app/com.project.agilugr.ui.theme/-color-kt/get-purple200.html","searchKeys":["getPurple200","final Color getPurple200()","com.project.agilugr.ui.theme.ColorKt.getPurple200"]},{"name":"final Color getPurple500()","description":"com.project.agilugr.ui.theme.ColorKt.getPurple500","location":"app/com.project.agilugr.ui.theme/-color-kt/get-purple500.html","searchKeys":["getPurple500","final Color getPurple500()","com.project.agilugr.ui.theme.ColorKt.getPurple500"]},{"name":"final Color getPurple700()","description":"com.project.agilugr.ui.theme.ColorKt.getPurple700","location":"app/com.project.agilugr.ui.theme/-color-kt/get-purple700.html","searchKeys":["getPurple700","final Color getPurple700()","com.project.agilugr.ui.theme.ColorKt.getPurple700"]},{"name":"final Color getSoftGray()","description":"com.project.agilugr.ui.theme.ColorKt.getSoftGray","location":"app/com.project.agilugr.ui.theme/-color-kt/get-soft-gray.html","searchKeys":["getSoftGray","final Color getSoftGray()","com.project.agilugr.ui.theme.ColorKt.getSoftGray"]},{"name":"final Color getTeal200()","description":"com.project.agilugr.ui.theme.ColorKt.getTeal200","location":"app/com.project.agilugr.ui.theme/-color-kt/get-teal200.html","searchKeys":["getTeal200","final Color getTeal200()","com.project.agilugr.ui.theme.ColorKt.getTeal200"]},{"name":"final Color getTextColor()","description":"com.project.agilugr.ui.components.AlertBox.getTextColor","location":"app/com.project.agilugr.ui.components/-alert-box/get-text-color.html","searchKeys":["getTextColor","final Color getTextColor()","com.project.agilugr.ui.components.AlertBox.getTextColor"]},{"name":"final Color getTextColor()","description":"com.project.agilugr.ui.components.CardComponent.getTextColor","location":"app/com.project.agilugr.ui.components/-card-component/get-text-color.html","searchKeys":["getTextColor","final Color getTextColor()","com.project.agilugr.ui.components.CardComponent.getTextColor"]},{"name":"final DayOfWeek getDayOfWeek()","description":"com.project.agilugr.ui.views.CalposeDate.getDayOfWeek","location":"app/com.project.agilugr.ui.views/-calpose-date/get-day-of-week.html","searchKeys":["getDayOfWeek","final DayOfWeek getDayOfWeek()","com.project.agilugr.ui.views.CalposeDate.getDayOfWeek"]},{"name":"final Dp getHalfHeightDP()","description":"com.project.agilugr.utils.phone_dimensions.getHalfHeightDP","location":"app/com.project.agilugr.utils/phone_dimensions/get-half-height-d-p.html","searchKeys":["getHalfHeightDP","final Dp getHalfHeightDP()","com.project.agilugr.utils.phone_dimensions.getHalfHeightDP"]},{"name":"final Dp getHeightDP()","description":"com.project.agilugr.utils.phone_dimensions.getHeightDP","location":"app/com.project.agilugr.utils/phone_dimensions/get-height-d-p.html","searchKeys":["getHeightDP","final Dp getHeightDP()","com.project.agilugr.utils.phone_dimensions.getHeightDP"]},{"name":"final Dp getWidthDP()","description":"com.project.agilugr.utils.phone_dimensions.getWidthDP","location":"app/com.project.agilugr.utils/phone_dimensions/get-width-d-p.html","searchKeys":["getWidthDP","final Dp getWidthDP()","com.project.agilugr.utils.phone_dimensions.getWidthDP"]},{"name":"final FiniteAnimationSpec<Float> getChangeMonthAnimation()","description":"com.project.agilugr.ui.views.CalposeProperties.getChangeMonthAnimation","location":"app/com.project.agilugr.ui.views/-calpose-properties/get-change-month-animation.html","searchKeys":["getChangeMonthAnimation","final FiniteAnimationSpec<Float> getChangeMonthAnimation()","com.project.agilugr.ui.views.CalposeProperties.getChangeMonthAnimation"]},{"name":"final FocusAPI getFocus_api()","description":"com.project.agilugr.ui.navigation.NavigationDirector.getFocus_api","location":"app/com.project.agilugr.ui.navigation/-navigation-director/get-focus_api.html","searchKeys":["getFocus_api","final FocusAPI getFocus_api()","com.project.agilugr.ui.navigation.NavigationDirector.getFocus_api"]},{"name":"final FocusAPI getFocus_api()","description":"com.project.agilugr.ui.views.FocusModeSelector.getFocus_api","location":"app/com.project.agilugr.ui.views/-focus-mode-selector/get-focus_api.html","searchKeys":["getFocus_api","final FocusAPI getFocus_api()","com.project.agilugr.ui.views.FocusModeSelector.getFocus_api"]},{"name":"final FocusAPI getFocus_api()","description":"com.project.agilugr.ui.views.FocusModeSessionView.getFocus_api","location":"app/com.project.agilugr.ui.views/-focus-mode-session-view/get-focus_api.html","searchKeys":["getFocus_api","final FocusAPI getFocus_api()","com.project.agilugr.ui.views.FocusModeSessionView.getFocus_api"]},{"name":"final FocusConfig getFocus_config()","description":"com.project.agilugr.FocusSession.getFocus_config","location":"app/com.project.agilugr/-focus-session/get-focus_config.html","searchKeys":["getFocus_config","final FocusConfig getFocus_config()","com.project.agilugr.FocusSession.getFocus_config"]},{"name":"final FocusSession getCurrent_focus_session()","description":"com.project.agilugr.MockFocusAPI.getCurrent_focus_session","location":"app/com.project.agilugr/-mock-focus-a-p-i/get-current_focus_session.html","searchKeys":["getCurrent_focus_session","final FocusSession getCurrent_focus_session()","com.project.agilugr.MockFocusAPI.getCurrent_focus_session"]},{"name":"final Function0<Unit> getOnClick()","description":"com.project.agilugr.ui.components.CardComponent.getOnClick","location":"app/com.project.agilugr.ui.components/-card-component/get-on-click.html","searchKeys":["getOnClick","final Function0<Unit> getOnClick()","com.project.agilugr.ui.components.CardComponent.getOnClick"]},{"name":"final Function0<Unit> getOnClickedNextMonth()","description":"com.project.agilugr.ui.views.CalposeActions.getOnClickedNextMonth","location":"app/com.project.agilugr.ui.views/-calpose-actions/get-on-clicked-next-month.html","searchKeys":["getOnClickedNextMonth","final Function0<Unit> getOnClickedNextMonth()","com.project.agilugr.ui.views.CalposeActions.getOnClickedNextMonth"]},{"name":"final Function0<Unit> getOnClickedPreviousMonth()","description":"com.project.agilugr.ui.views.CalposeActions.getOnClickedPreviousMonth","location":"app/com.project.agilugr.ui.views/-calpose-actions/get-on-clicked-previous-month.html","searchKeys":["getOnClickedPreviousMonth","final Function0<Unit> getOnClickedPreviousMonth()","com.project.agilugr.ui.views.CalposeActions.getOnClickedPreviousMonth"]},{"name":"final Function0<Unit> getOnSwipedNextMonth()","description":"com.project.agilugr.ui.views.CalposeActions.getOnSwipedNextMonth","location":"app/com.project.agilugr.ui.views/-calpose-actions/get-on-swiped-next-month.html","searchKeys":["getOnSwipedNextMonth","final Function0<Unit> getOnSwipedNextMonth()","com.project.agilugr.ui.views.CalposeActions.getOnSwipedNextMonth"]},{"name":"final Function0<Unit> getOnSwipedPreviousMonth()","description":"com.project.agilugr.ui.views.CalposeActions.getOnSwipedPreviousMonth","location":"app/com.project.agilugr.ui.views/-calpose-actions/get-on-swiped-previous-month.html","searchKeys":["getOnSwipedPreviousMonth","final Function0<Unit> getOnSwipedPreviousMonth()","com.project.agilugr.ui.views.CalposeActions.getOnSwipedPreviousMonth"]},{"name":"final Function1<Function0<Unit>, Unit> getHeaderContainer()","description":"com.project.agilugr.ui.views.CalposeWidgets.getHeaderContainer","location":"app/com.project.agilugr.ui.views/-calpose-widgets/get-header-container.html","searchKeys":["getHeaderContainer","final Function1<Function0<Unit>, Unit> getHeaderContainer()","com.project.agilugr.ui.views.CalposeWidgets.getHeaderContainer"]},{"name":"final Function1<Function0<Unit>, Unit> getMonthContainer()","description":"com.project.agilugr.ui.views.CalposeWidgets.getMonthContainer","location":"app/com.project.agilugr.ui.views/-calpose-widgets/get-month-container.html","searchKeys":["getMonthContainer","final Function1<Function0<Unit>, Unit> getMonthContainer()","com.project.agilugr.ui.views.CalposeWidgets.getMonthContainer"]},{"name":"final Function1<Function0<Unit>, Unit> getWeekContainer()","description":"com.project.agilugr.ui.views.CalposeWidgets.getWeekContainer","location":"app/com.project.agilugr.ui.views/-calpose-widgets/get-week-container.html","searchKeys":["getWeekContainer","final Function1<Function0<Unit>, Unit> getWeekContainer()","com.project.agilugr.ui.views.CalposeWidgets.getWeekContainer"]},{"name":"final Function1<Set<DayOfWeek>, Unit> getHeaderDayRow()","description":"com.project.agilugr.ui.views.CalposeWidgets.getHeaderDayRow","location":"app/com.project.agilugr.ui.views/-calpose-widgets/get-header-day-row.html","searchKeys":["getHeaderDayRow","final Function1<Set<DayOfWeek>, Unit> getHeaderDayRow()","com.project.agilugr.ui.views.CalposeWidgets.getHeaderDayRow"]},{"name":"final Function2<RowScope, CalposeDate, Unit> getNextMonthDay()","description":"com.project.agilugr.ui.views.CalposeWidgets.getNextMonthDay","location":"app/com.project.agilugr.ui.views/-calpose-widgets/get-next-month-day.html","searchKeys":["getNextMonthDay","final Function2<RowScope, CalposeDate, Unit> getNextMonthDay()","com.project.agilugr.ui.views.CalposeWidgets.getNextMonthDay"]},{"name":"final Function2<RowScope, CalposeDate, Unit> getPriorMonthDay()","description":"com.project.agilugr.ui.views.CalposeWidgets.getPriorMonthDay","location":"app/com.project.agilugr.ui.views/-calpose-widgets/get-prior-month-day.html","searchKeys":["getPriorMonthDay","final Function2<RowScope, CalposeDate, Unit> getPriorMonthDay()","com.project.agilugr.ui.views.CalposeWidgets.getPriorMonthDay"]},{"name":"final Function3<RowScope, CalposeDate, CalposeDate, Unit> getDay()","description":"com.project.agilugr.ui.views.CalposeWidgets.getDay","location":"app/com.project.agilugr.ui.views/-calpose-widgets/get-day.html","searchKeys":["getDay","final Function3<RowScope, CalposeDate, CalposeDate, Unit> getDay()","com.project.agilugr.ui.views.CalposeWidgets.getDay"]},{"name":"final Function3<YearMonth, YearMonth, CalposeActions, Unit> getHeader()","description":"com.project.agilugr.ui.views.CalposeWidgets.getHeader","location":"app/com.project.agilugr.ui.views/-calpose-widgets/get-header.html","searchKeys":["getHeader","final Function3<YearMonth, YearMonth, CalposeActions, Unit> getHeader()","com.project.agilugr.ui.views.CalposeWidgets.getHeader"]},{"name":"final FusedLocationProviderClient getFusedLocationClient()","description":"com.project.agilugr.ui.views.StatsView.getFusedLocationClient","location":"app/com.project.agilugr.ui.views/-stats-view/get-fused-location-client.html","searchKeys":["getFusedLocationClient","final FusedLocationProviderClient getFusedLocationClient()","com.project.agilugr.ui.views.StatsView.getFusedLocationClient"]},{"name":"final IndexAPI getIndexApi()","description":"com.project.agilugr.ui.views.IndexSelector.getIndexApi","location":"app/com.project.agilugr.ui.views/-index-selector/get-index-api.html","searchKeys":["getIndexApi","final IndexAPI getIndexApi()","com.project.agilugr.ui.views.IndexSelector.getIndexApi"]},{"name":"final IndexAPI getMockIndexAPI()","description":"com.project.agilugr.backend.MockedProfile.Companion.getMockIndexAPI","location":"app/com.project.agilugr.backend/-mocked-profile/-companion/get-mock-index-a-p-i.html","searchKeys":["getMockIndexAPI","final IndexAPI getMockIndexAPI()","com.project.agilugr.backend.MockedProfile.Companion.getMockIndexAPI"]},{"name":"final Integer getChangeMonthSwipeTriggerVelocity()","description":"com.project.agilugr.ui.views.CalposeProperties.getChangeMonthSwipeTriggerVelocity","location":"app/com.project.agilugr.ui.views/-calpose-properties/get-change-month-swipe-trigger-velocity.html","searchKeys":["getChangeMonthSwipeTriggerVelocity","final Integer getChangeMonthSwipeTriggerVelocity()","com.project.agilugr.ui.views.CalposeProperties.getChangeMonthSwipeTriggerVelocity"]},{"name":"final Integer getDay()","description":"com.project.agilugr.ui.views.CalposeDate.getDay","location":"app/com.project.agilugr.ui.views/-calpose-date/get-day.html","searchKeys":["getDay","final Integer getDay()","com.project.agilugr.ui.views.CalposeDate.getDay"]},{"name":"final Integer getHours()","description":"com.project.agilugr.utils.SessionDuration.getHours","location":"app/com.project.agilugr.utils/-session-duration/get-hours.html","searchKeys":["getHours","final Integer getHours()","com.project.agilugr.utils.SessionDuration.getHours"]},{"name":"final Integer getMinutes()","description":"com.project.agilugr.utils.SessionDuration.getMinutes","location":"app/com.project.agilugr.utils/-session-duration/get-minutes.html","searchKeys":["getMinutes","final Integer getMinutes()","com.project.agilugr.utils.SessionDuration.getMinutes"]},{"name":"final Integer getOrdinal()","description":"kotlin.ConstantsRepo.getOrdinal","location":"app/com.project.agilugr.constants/-constants-repo/get-ordinal.html","searchKeys":["getOrdinal","final Integer getOrdinal()","kotlin.ConstantsRepo.getOrdinal"]},{"name":"final Integer getOrdinal()","description":"kotlin.NavigationMapper.getOrdinal","location":"app/com.project.agilugr.ui.navigation/-navigation-mapper/get-ordinal.html","searchKeys":["getOrdinal","final Integer getOrdinal()","kotlin.NavigationMapper.getOrdinal"]},{"name":"final Integer getRunningMinutes()","description":"com.project.agilugr.FocusSession.getRunningMinutes","location":"app/com.project.agilugr/-focus-session/get-running-minutes.html","searchKeys":["getRunningMinutes","final Integer getRunningMinutes()","com.project.agilugr.FocusSession.getRunningMinutes"]},{"name":"final Integer getSeconds()","description":"com.project.agilugr.utils.SessionDuration.getSeconds","location":"app/com.project.agilugr.utils/-session-duration/get-seconds.html","searchKeys":["getSeconds","final Integer getSeconds()","com.project.agilugr.utils.SessionDuration.getSeconds"]},{"name":"final List<FocusConfig> getFocus_configs()","description":"com.project.agilugr.MockFocusAPI.getFocus_configs","location":"app/com.project.agilugr/-mock-focus-a-p-i/get-focus_configs.html","searchKeys":["getFocus_configs","final List<FocusConfig> getFocus_configs()","com.project.agilugr.MockFocusAPI.getFocus_configs"]},{"name":"final List<String> getAlerts()","description":"com.project.agilugr.ui.components.AlertBox.getAlerts","location":"app/com.project.agilugr.ui.components/-alert-box/get-alerts.html","searchKeys":["getAlerts","final List<String> getAlerts()","com.project.agilugr.ui.components.AlertBox.getAlerts"]},{"name":"final LocalTime getStart_time()","description":"com.project.agilugr.FocusSession.getStart_time","location":"app/com.project.agilugr/-focus-session/get-start_time.html","searchKeys":["getStart_time","final LocalTime getStart_time()","com.project.agilugr.FocusSession.getStart_time"]},{"name":"final MockFocusAPI getFocus_api()","description":"com.project.agilugr.MainActivity.getFocus_api","location":"app/com.project.agilugr/-main-activity/get-focus_api.html","searchKeys":["getFocus_api","final MockFocusAPI getFocus_api()","com.project.agilugr.MainActivity.getFocus_api"]},{"name":"final MockFocusAPI getMockFocusAPI()","description":"com.project.agilugr.MockFocusAPI.Companion.getMockFocusAPI","location":"app/com.project.agilugr/-mock-focus-a-p-i/-companion/get-mock-focus-a-p-i.html","searchKeys":["getMockFocusAPI","final MockFocusAPI getMockFocusAPI()","com.project.agilugr.MockFocusAPI.Companion.getMockFocusAPI"]},{"name":"final NavController getNavController()","description":"com.project.agilugr.ui.navigation.NavigationDirector.getNavController","location":"app/com.project.agilugr.ui.navigation/-navigation-director/get-nav-controller.html","searchKeys":["getNavController","final NavController getNavController()","com.project.agilugr.ui.navigation.NavigationDirector.getNavController"]},{"name":"final NavController getNavController()","description":"com.project.agilugr.ui.views.Calendario.getNavController","location":"app/com.project.agilugr.ui.views/-calendario/get-nav-controller.html","searchKeys":["getNavController","final NavController getNavController()","com.project.agilugr.ui.views.Calendario.getNavController"]},{"name":"final NavController getNavController()","description":"com.project.agilugr.ui.views.FocusModeSelector.getNavController","location":"app/com.project.agilugr.ui.views/-focus-mode-selector/get-nav-controller.html","searchKeys":["getNavController","final NavController getNavController()","com.project.agilugr.ui.views.FocusModeSelector.getNavController"]},{"name":"final NavController getNavController()","description":"com.project.agilugr.ui.views.FocusModeSessionView.getNavController","location":"app/com.project.agilugr.ui.views/-focus-mode-session-view/get-nav-controller.html","searchKeys":["getNavController","final NavController getNavController()","com.project.agilugr.ui.views.FocusModeSessionView.getNavController"]},{"name":"final NavController getNavController()","description":"com.project.agilugr.ui.views.IndexSelector.getNavController","location":"app/com.project.agilugr.ui.views/-index-selector/get-nav-controller.html","searchKeys":["getNavController","final NavController getNavController()","com.project.agilugr.ui.views.IndexSelector.getNavController"]},{"name":"final NavController getNavController()","description":"com.project.agilugr.ui.views.StatsView.getNavController","location":"app/com.project.agilugr.ui.views/-stats-view/get-nav-controller.html","searchKeys":["getNavController","final NavController getNavController()","com.project.agilugr.ui.views.StatsView.getNavController"]},{"name":"final NavController getNavController()","description":"com.project.agilugr.ui.views.TuiView.getNavController","location":"app/com.project.agilugr.ui.views/-tui-view/get-nav-controller.html","searchKeys":["getNavController","final NavController getNavController()","com.project.agilugr.ui.views.TuiView.getNavController"]},{"name":"final NavigationDirector getNavigation_director()","description":"com.project.agilugr.MainActivity.getNavigation_director","location":"app/com.project.agilugr/-main-activity/get-navigation_director.html","searchKeys":["getNavigation_director","final NavigationDirector getNavigation_director()","com.project.agilugr.MainActivity.getNavigation_director"]},{"name":"final NavigationMapper getCurrentView1()","description":"com.project.agilugr.ui.navigation.NavigationDirector.getCurrentView1","location":"app/com.project.agilugr.ui.navigation/-navigation-director/get-current-view1.html","searchKeys":["getCurrentView1","final NavigationMapper getCurrentView1()","com.project.agilugr.ui.navigation.NavigationDirector.getCurrentView1"]},{"name":"final SessionDuration getDuration()","description":"com.project.agilugr.FocusConfig.getDuration","location":"app/com.project.agilugr/-focus-config/get-duration.html","searchKeys":["getDuration","final SessionDuration getDuration()","com.project.agilugr.FocusConfig.getDuration"]},{"name":"final Shapes getShapes()","description":"com.project.agilugr.ui.theme.ShapeKt.getShapes","location":"app/com.project.agilugr.ui.theme/-shape-kt/get-shapes.html","searchKeys":["getShapes","final Shapes getShapes()","com.project.agilugr.ui.theme.ShapeKt.getShapes"]},{"name":"final String getName()","description":"kotlin.ConstantsRepo.getName","location":"app/com.project.agilugr.constants/-constants-repo/get-name.html","searchKeys":["getName","final String getName()","kotlin.ConstantsRepo.getName"]},{"name":"final String getName()","description":"kotlin.NavigationMapper.getName","location":"app/com.project.agilugr.ui.navigation/-navigation-mapper/get-name.html","searchKeys":["getName","final String getName()","kotlin.NavigationMapper.getName"]},{"name":"final String getRoute()","description":"com.project.agilugr.ui.navigation.NavigationMapper.getRoute","location":"app/com.project.agilugr.ui.navigation/-navigation-mapper/get-route.html","searchKeys":["getRoute","final String getRoute()","com.project.agilugr.ui.navigation.NavigationMapper.getRoute"]},{"name":"final String getText()","description":"com.project.agilugr.constants.ConstantsRepo.getText","location":"app/com.project.agilugr.constants/-constants-repo/get-text.html","searchKeys":["getText","final String getText()","com.project.agilugr.constants.ConstantsRepo.getText"]},{"name":"final String getText()","description":"com.project.agilugr.ui.components.CardComponent.getText","location":"app/com.project.agilugr.ui.components/-card-component/get-text.html","searchKeys":["getText","final String getText()","com.project.agilugr.ui.components.CardComponent.getText"]},{"name":"final Typography getTypography()","description":"com.project.agilugr.ui.theme.TypeKt.getTypography","location":"app/com.project.agilugr.ui.theme/-type-kt/get-typography.html","searchKeys":["getTypography","final Typography getTypography()","com.project.agilugr.ui.theme.TypeKt.getTypography"]},{"name":"final Unit buildNavigationAndStartUI(FusedLocationProviderClient fusedLocationProviderClient)","description":"com.project.agilugr.ui.navigation.NavigationDirector.buildNavigationAndStartUI","location":"app/com.project.agilugr.ui.navigation/-navigation-director/build-navigation-and-start-u-i.html","searchKeys":["buildNavigationAndStartUI","final Unit buildNavigationAndStartUI(FusedLocationProviderClient fusedLocationProviderClient)","com.project.agilugr.ui.navigation.NavigationDirector.buildNavigationAndStartUI"]},{"name":"final Unit getView()","description":"com.project.agilugr.ui.views.Calendario.getView","location":"app/com.project.agilugr.ui.views/-calendario/get-view.html","searchKeys":["getView","final Unit getView()","com.project.agilugr.ui.views.Calendario.getView"]},{"name":"final Unit getView()","description":"com.project.agilugr.ui.views.FocusModeSelector.getView","location":"app/com.project.agilugr.ui.views/-focus-mode-selector/get-view.html","searchKeys":["getView","final Unit getView()","com.project.agilugr.ui.views.FocusModeSelector.getView"]},{"name":"final Unit getView()","description":"com.project.agilugr.ui.views.FocusModeSessionView.getView","location":"app/com.project.agilugr.ui.views/-focus-mode-session-view/get-view.html","searchKeys":["getView","final Unit getView()","com.project.agilugr.ui.views.FocusModeSessionView.getView"]},{"name":"final Unit getView()","description":"com.project.agilugr.ui.views.IndexSelector.getView","location":"app/com.project.agilugr.ui.views/-index-selector/get-view.html","searchKeys":["getView","final Unit getView()","com.project.agilugr.ui.views.IndexSelector.getView"]},{"name":"final Unit getView()","description":"com.project.agilugr.ui.views.PerfilMode.getView","location":"app/com.project.agilugr.ui.views/-perfil-mode/get-view.html","searchKeys":["getView","final Unit getView()","com.project.agilugr.ui.views.PerfilMode.getView"]},{"name":"final Unit getView()","description":"com.project.agilugr.ui.views.StatsView.getView","location":"app/com.project.agilugr.ui.views/-stats-view/get-view.html","searchKeys":["getView","final Unit getView()","com.project.agilugr.ui.views.StatsView.getView"]},{"name":"final Unit getView()","description":"com.project.agilugr.ui.views.TuiView.getView","location":"app/com.project.agilugr.ui.views/-tui-view/get-view.html","searchKeys":["getView","final Unit getView()","com.project.agilugr.ui.views.TuiView.getView"]},{"name":"final Unit navigate(NavigationMapper destination)","description":"com.project.agilugr.ui.navigation.NavigationDirector.navigate","location":"app/com.project.agilugr.ui.navigation/-navigation-director/navigate.html","searchKeys":["navigate","final Unit navigate(NavigationMapper destination)","com.project.agilugr.ui.navigation.NavigationDirector.navigate"]},{"name":"final Unit setCurrent_focus_session(FocusSession current_focus_session)","description":"com.project.agilugr.MockFocusAPI.setCurrent_focus_session","location":"app/com.project.agilugr/-mock-focus-a-p-i/set-current_focus_session.html","searchKeys":["setCurrent_focus_session","final Unit setCurrent_focus_session(FocusSession current_focus_session)","com.project.agilugr.MockFocusAPI.setCurrent_focus_session"]},{"name":"final Unit setFocus_configs(List<FocusConfig> focus_configs)","description":"com.project.agilugr.MockFocusAPI.setFocus_configs","location":"app/com.project.agilugr/-mock-focus-a-p-i/set-focus_configs.html","searchKeys":["setFocus_configs","final Unit setFocus_configs(List<FocusConfig> focus_configs)","com.project.agilugr.MockFocusAPI.setFocus_configs"]},{"name":"final Unit setFusedLocationClient(FusedLocationProviderClient fusedLocationClient)","description":"com.project.agilugr.ui.views.StatsView.setFusedLocationClient","location":"app/com.project.agilugr.ui.views/-stats-view/set-fused-location-client.html","searchKeys":["setFusedLocationClient","final Unit setFusedLocationClient(FusedLocationProviderClient fusedLocationClient)","com.project.agilugr.ui.views.StatsView.setFusedLocationClient"]},{"name":"final Unit setNavController(NavController navController)","description":"com.project.agilugr.ui.navigation.NavigationDirector.setNavController","location":"app/com.project.agilugr.ui.navigation/-navigation-director/set-nav-controller.html","searchKeys":["setNavController","final Unit setNavController(NavController navController)","com.project.agilugr.ui.navigation.NavigationDirector.setNavController"]},{"name":"final YearMonth getMonth()","description":"com.project.agilugr.ui.views.CalposeDate.getMonth","location":"app/com.project.agilugr.ui.views/-calpose-date/get-month.html","searchKeys":["getMonth","final YearMonth getMonth()","com.project.agilugr.ui.views.CalposeDate.getMonth"]},{"name":"final static NavigationMapper stringToEnum(String route)","description":"com.project.agilugr.ui.navigation.NavigationMapperKt.stringToEnum","location":"app/com.project.agilugr.ui.navigation/-navigation-mapper-kt/string-to-enum.html","searchKeys":["stringToEnum","final static NavigationMapper stringToEnum(String route)","com.project.agilugr.ui.navigation.NavigationMapperKt.stringToEnum"]},{"name":"final static Unit AgilUGRTheme(Boolean darkTheme, Function0<Unit> content)","description":"com.project.agilugr.ui.theme.ThemeKt.AgilUGRTheme","location":"app/com.project.agilugr.ui.theme/-theme-kt/-agil-u-g-r-theme.html","searchKeys":["AgilUGRTheme","final static Unit AgilUGRTheme(Boolean darkTheme, Function0<Unit> content)","com.project.agilugr.ui.theme.ThemeKt.AgilUGRTheme"]},{"name":"final static Unit Alertas(IndexAPI indexApi, List<String> alerts, Color cardBackgroundColor, Color textColor, Color encabezadoColor)","description":"com.project.agilugr.ui.views.IndexSelectorKt.Alertas","location":"app/com.project.agilugr.ui.views/-index-selector-kt/-alertas.html","searchKeys":["Alertas","final static Unit Alertas(IndexAPI indexApi, List<String> alerts, Color cardBackgroundColor, Color textColor, Color encabezadoColor)","com.project.agilugr.ui.views.IndexSelectorKt.Alertas"]},{"name":"final static Unit AppIcon()","description":"com.project.agilugr.ui.components.HeaderKt.AppIcon","location":"app/com.project.agilugr.ui.components/-header-kt/-app-icon.html","searchKeys":["AppIcon","final static Unit AppIcon()","com.project.agilugr.ui.components.HeaderKt.AppIcon"]},{"name":"final static Unit CalendarIcon(NavController navController)","description":"com.project.agilugr.ui.views.IndexSelectorKt.CalendarIcon","location":"app/com.project.agilugr.ui.views/-index-selector-kt/-calendar-icon.html","searchKeys":["CalendarIcon","final static Unit CalendarIcon(NavController navController)","com.project.agilugr.ui.views.IndexSelectorKt.CalendarIcon"]},{"name":"final static Unit Calpose(Modifier modifier, YearMonth month, CalposeActions actions, CalposeWidgets widgets, CalposeProperties properties)","description":"com.project.agilugr.ui.views.CalendarKt.Calpose","location":"app/com.project.agilugr.ui.views/-calendar-kt/-calpose.html","searchKeys":["Calpose","final static Unit Calpose(Modifier modifier, YearMonth month, CalposeActions actions, CalposeWidgets widgets, CalposeProperties properties)","com.project.agilugr.ui.views.CalendarKt.Calpose"]},{"name":"final static Unit CalposeHeader(YearMonth month, YearMonth todayMonth, CalposeActions actions, CalposeWidgets widgets)","description":"com.project.agilugr.ui.views.CalendarKt.CalposeHeader","location":"app/com.project.agilugr.ui.views/-calendar-kt/-calpose-header.html","searchKeys":["CalposeHeader","final static Unit CalposeHeader(YearMonth month, YearMonth todayMonth, CalposeActions actions, CalposeWidgets widgets)","com.project.agilugr.ui.views.CalendarKt.CalposeHeader"]},{"name":"final static Unit CalposeMonth(YearMonth month, YearMonth todayMonth, CalposeWidgets widgets)","description":"com.project.agilugr.ui.views.CalendarKt.CalposeMonth","location":"app/com.project.agilugr.ui.views/-calendar-kt/-calpose-month.html","searchKeys":["CalposeMonth","final static Unit CalposeMonth(YearMonth month, YearMonth todayMonth, CalposeWidgets widgets)","com.project.agilugr.ui.views.CalendarKt.CalposeMonth"]},{"name":"final static Unit CalposeStatic(Modifier modifier, YearMonth month, CalposeActions actions, CalposeWidgets widgets, CalposeProperties properties)","description":"com.project.agilugr.ui.views.CalendarKt.CalposeStatic","location":"app/com.project.agilugr.ui.views/-calendar-kt/-calpose-static.html","searchKeys":["CalposeStatic","final static Unit CalposeStatic(Modifier modifier, YearMonth month, CalposeActions actions, CalposeWidgets widgets, CalposeProperties properties)","com.project.agilugr.ui.views.CalendarKt.CalposeStatic"]},{"name":"final static Unit CalposeWeek(Integer startDayOffSet, Integer endDayCount, Integer monthWeekNumber, Integer weekCount, Integer priorMonthLength, CalposeDate today, YearMonth month, CalposeWidgets widgets)","description":"com.project.agilugr.ui.views.CalendarKt.CalposeWeek","location":"app/com.project.agilugr.ui.views/-calendar-kt/-calpose-week.html","searchKeys":["CalposeWeek","final static Unit CalposeWeek(Integer startDayOffSet, Integer endDayCount, Integer monthWeekNumber, Integer weekCount, Integer priorMonthLength, CalposeDate today, YearMonth month, CalposeWidgets widgets)","com.project.agilugr.ui.views.CalendarKt.CalposeWeek"]},{"name":"final static Unit Card(Integer id, Function0<Unit> advance)","description":"com.project.agilugr.ui.views.PerfilModeKt.Card","location":"app/com.project.agilugr.ui.views/-perfil-mode-kt/-card.html","searchKeys":["Card","final static Unit Card(Integer id, Function0<Unit> advance)","com.project.agilugr.ui.views.PerfilModeKt.Card"]},{"name":"final static Unit Cards(NavController navController, FocusAPI focus_api)","description":"com.project.agilugr.ui.views.FocusModeSelectorKt.Cards","location":"app/com.project.agilugr.ui.views/-focus-mode-selector-kt/-cards.html","searchKeys":["Cards","final static Unit Cards(NavController navController, FocusAPI focus_api)","com.project.agilugr.ui.views.FocusModeSelectorKt.Cards"]},{"name":"final static Unit CorreoButton()","description":"com.project.agilugr.ui.components.HyperlinksKt.CorreoButton","location":"app/com.project.agilugr.ui.components/-hyperlinks-kt/-correo-button.html","searchKeys":["CorreoButton","final static Unit CorreoButton()","com.project.agilugr.ui.components.HyperlinksKt.CorreoButton"]},{"name":"final static Unit CurrentMonthPreview()","description":"com.project.agilugr.ui.views.CalendarKt.CurrentMonthPreview","location":"app/com.project.agilugr.ui.views/-calendar-kt/-current-month-preview.html","searchKeys":["CurrentMonthPreview","final static Unit CurrentMonthPreview()","com.project.agilugr.ui.views.CalendarKt.CurrentMonthPreview"]},{"name":"final static Unit DefaultCalendar(YearMonth month, CalposeActions actions)","description":"com.project.agilugr.ui.views.CalendarKt.DefaultCalendar","location":"app/com.project.agilugr.ui.views/-calendar-kt/-default-calendar.html","searchKeys":["DefaultCalendar","final static Unit DefaultCalendar(YearMonth month, CalposeActions actions)","com.project.agilugr.ui.views.CalendarKt.DefaultCalendar"]},{"name":"final static Unit DefaultDay(String text, Modifier modifier, TextStyle style)","description":"com.project.agilugr.ui.views.CalendarKt.DefaultDay","location":"app/com.project.agilugr.ui.views/-calendar-kt/-default-day.html","searchKeys":["DefaultDay","final static Unit DefaultDay(String text, Modifier modifier, TextStyle style)","com.project.agilugr.ui.views.CalendarKt.DefaultDay"]},{"name":"final static Unit DefaultHeader(YearMonth month, YearMonth todayMonth, CalposeActions actions)","description":"com.project.agilugr.ui.views.CalendarKt.DefaultHeader","location":"app/com.project.agilugr.ui.views/-calendar-kt/-default-header.html","searchKeys":["DefaultHeader","final static Unit DefaultHeader(YearMonth month, YearMonth todayMonth, CalposeActions actions)","com.project.agilugr.ui.views.CalendarKt.DefaultHeader"]},{"name":"final static Unit FocusIcon(NavController navController)","description":"com.project.agilugr.ui.views.IndexSelectorKt.FocusIcon","location":"app/com.project.agilugr.ui.views/-index-selector-kt/-focus-icon.html","searchKeys":["FocusIcon","final static Unit FocusIcon(NavController navController)","com.project.agilugr.ui.views.IndexSelectorKt.FocusIcon"]},{"name":"final static Unit GenerarEvento()","description":"com.project.agilugr.ui.views.FocusModeSelectorKt.GenerarEvento","location":"app/com.project.agilugr.ui.views/-focus-mode-selector-kt/-generar-evento.html","searchKeys":["GenerarEvento","final static Unit GenerarEvento()","com.project.agilugr.ui.views.FocusModeSelectorKt.GenerarEvento"]},{"name":"final static Unit IconAccesoIdentificado()","description":"com.project.agilugr.ui.views.PerfilModeKt.IconAccesoIdentificado","location":"app/com.project.agilugr.ui.views/-perfil-mode-kt/-icon-acceso-identificado.html","searchKeys":["IconAccesoIdentificado","final static Unit IconAccesoIdentificado()","com.project.agilugr.ui.views.PerfilModeKt.IconAccesoIdentificado"]},{"name":"final static Unit IconComedor()","description":"com.project.agilugr.ui.views.PerfilModeKt.IconComedor","location":"app/com.project.agilugr.ui.views/-perfil-mode-kt/-icon-comedor.html","searchKeys":["IconComedor","final static Unit IconComedor()","com.project.agilugr.ui.views.PerfilModeKt.IconComedor"]},{"name":"final static Unit IconMail()","description":"com.project.agilugr.ui.views.PerfilModeKt.IconMail","location":"app/com.project.agilugr.ui.views/-perfil-mode-kt/-icon-mail.html","searchKeys":["IconMail","final static Unit IconMail()","com.project.agilugr.ui.views.PerfilModeKt.IconMail"]},{"name":"final static Unit IconPrado()","description":"com.project.agilugr.ui.views.PerfilModeKt.IconPrado","location":"app/com.project.agilugr.ui.views/-perfil-mode-kt/-icon-prado.html","searchKeys":["IconPrado","final static Unit IconPrado()","com.project.agilugr.ui.views.PerfilModeKt.IconPrado"]},{"name":"final static Unit IconoEntregaDraggable()","description":"com.project.agilugr.ui.views.CalendarKt.IconoEntregaDraggable","location":"app/com.project.agilugr.ui.views/-calendar-kt/-icono-entrega-draggable.html","searchKeys":["IconoEntregaDraggable","final static Unit IconoEntregaDraggable()","com.project.agilugr.ui.views.CalendarKt.IconoEntregaDraggable"]},{"name":"final static Unit IconoEventoDraggable()","description":"com.project.agilugr.ui.views.CalendarKt.IconoEventoDraggable","location":"app/com.project.agilugr.ui.views/-calendar-kt/-icono-evento-draggable.html","searchKeys":["IconoEventoDraggable","final static Unit IconoEventoDraggable()","com.project.agilugr.ui.views.CalendarKt.IconoEventoDraggable"]},{"name":"final static Unit IconoExamenDraggable()","description":"com.project.agilugr.ui.views.CalendarKt.IconoExamenDraggable","location":"app/com.project.agilugr.ui.views/-calendar-kt/-icono-examen-draggable.html","searchKeys":["IconoExamenDraggable","final static Unit IconoExamenDraggable()","com.project.agilugr.ui.views.CalendarKt.IconoExamenDraggable"]},{"name":"final static Unit NavButton(NavController navController)","description":"com.project.agilugr.ui.components.HyperlinksKt.NavButton","location":"app/com.project.agilugr.ui.components/-hyperlinks-kt/-nav-button.html","searchKeys":["NavButton","final static Unit NavButton(NavController navController)","com.project.agilugr.ui.components.HyperlinksKt.NavButton"]},{"name":"final static Unit NonCurrentMonthPreview()","description":"com.project.agilugr.ui.views.CalendarKt.NonCurrentMonthPreview","location":"app/com.project.agilugr.ui.views/-calendar-kt/-non-current-month-preview.html","searchKeys":["NonCurrentMonthPreview","final static Unit NonCurrentMonthPreview()","com.project.agilugr.ui.views.CalendarKt.NonCurrentMonthPreview"]},{"name":"final static Unit NuevoEvento()","description":"com.project.agilugr.ui.views.CalendarKt.NuevoEvento","location":"app/com.project.agilugr.ui.views/-calendar-kt/-nuevo-evento.html","searchKeys":["NuevoEvento","final static Unit NuevoEvento()","com.project.agilugr.ui.views.CalendarKt.NuevoEvento"]},{"name":"final static Unit PerfilIcon(NavController navController)","description":"com.project.agilugr.ui.views.IndexSelectorKt.PerfilIcon","location":"app/com.project.agilugr.ui.views/-index-selector-kt/-perfil-icon.html","searchKeys":["PerfilIcon","final static Unit PerfilIcon(NavController navController)","com.project.agilugr.ui.views.IndexSelectorKt.PerfilIcon"]},{"name":"final static Unit PradoButton()","description":"com.project.agilugr.ui.components.HyperlinksKt.PradoButton","location":"app/com.project.agilugr.ui.components/-hyperlinks-kt/-prado-button.html","searchKeys":["PradoButton","final static Unit PradoButton()","com.project.agilugr.ui.components.HyperlinksKt.PradoButton"]},{"name":"final static Unit ProfileIcon()","description":"com.project.agilugr.ui.components.HeaderKt.ProfileIcon","location":"app/com.project.agilugr.ui.components/-header-kt/-profile-icon.html","searchKeys":["ProfileIcon","final static Unit ProfileIcon()","com.project.agilugr.ui.components.HeaderKt.ProfileIcon"]},{"name":"final static Unit StatsIcon(NavController navController)","description":"com.project.agilugr.ui.views.IndexSelectorKt.StatsIcon","location":"app/com.project.agilugr.ui.views/-index-selector-kt/-stats-icon.html","searchKeys":["StatsIcon","final static Unit StatsIcon(NavController navController)","com.project.agilugr.ui.views.IndexSelectorKt.StatsIcon"]},{"name":"final static Unit Timer(Long minutes, Long seconds, Color handleColor, Color inactiveBarColor, Color activeBarColor, Modifier modifier, Float initialValue, Dp strokeWidth)","description":"com.project.agilugr.ui.views.FocusModeSessionViewKt.Timer","location":"app/com.project.agilugr.ui.views/-focus-mode-session-view-kt/-timer.html","searchKeys":["Timer","final static Unit Timer(Long minutes, Long seconds, Color handleColor, Color inactiveBarColor, Color activeBarColor, Modifier modifier, Float initialValue, Dp strokeWidth)","com.project.agilugr.ui.views.FocusModeSessionViewKt.Timer"]},{"name":"final static Unit TuiCard(Function0<Unit> advance)","description":"com.project.agilugr.ui.views.PerfilModeKt.TuiCard","location":"app/com.project.agilugr.ui.views/-perfil-mode-kt/-tui-card.html","searchKeys":["TuiCard","final static Unit TuiCard(Function0<Unit> advance)","com.project.agilugr.ui.views.PerfilModeKt.TuiCard"]},{"name":"final static Unit circle(Color circleColor)","description":"com.project.agilugr.ui.components.CardComponentKt.circle","location":"app/com.project.agilugr.ui.components/-card-component-kt/circle.html","searchKeys":["circle","final static Unit circle(Color circleColor)","com.project.agilugr.ui.components.CardComponentKt.circle"]},{"name":"final static Unit leftIcon(CalposeActions actions)","description":"com.project.agilugr.ui.views.CalendarKt.leftIcon","location":"app/com.project.agilugr.ui.views/-calendar-kt/left-icon.html","searchKeys":["leftIcon","final static Unit leftIcon(CalposeActions actions)","com.project.agilugr.ui.views.CalendarKt.leftIcon"]},{"name":"final static Unit rightIcon(CalposeActions actions)","description":"com.project.agilugr.ui.views.CalendarKt.rightIcon","location":"app/com.project.agilugr.ui.views/-calendar-kt/right-icon.html","searchKeys":["rightIcon","final static Unit rightIcon(CalposeActions actions)","com.project.agilugr.ui.views.CalendarKt.rightIcon"]},{"name":"phone_dimensions phone_dimensions()","description":"com.project.agilugr.utils.phone_dimensions.phone_dimensions","location":"app/com.project.agilugr.utils/phone_dimensions/phone_dimensions.html","searchKeys":["phone_dimensions","phone_dimensions phone_dimensions()","com.project.agilugr.utils.phone_dimensions.phone_dimensions"]},{"name":"public class Companion","description":"com.project.agilugr.MockFocusAPI.Companion","location":"app/com.project.agilugr/-mock-focus-a-p-i/-companion/index.html","searchKeys":["Companion","public class Companion","com.project.agilugr.MockFocusAPI.Companion"]},{"name":"public class Companion","description":"com.project.agilugr.backend.MockedProfile.Companion","location":"app/com.project.agilugr.backend/-mocked-profile/-companion/index.html","searchKeys":["Companion","public class Companion","com.project.agilugr.backend.MockedProfile.Companion"]},{"name":"public enum ConstantsRepo extends Enum<ConstantsRepo>","description":"com.project.agilugr.constants.ConstantsRepo","location":"app/com.project.agilugr.constants/-constants-repo/index.html","searchKeys":["ConstantsRepo","public enum ConstantsRepo extends Enum<ConstantsRepo>","com.project.agilugr.constants.ConstantsRepo"]},{"name":"public enum NavigationMapper extends Enum<NavigationMapper>","description":"com.project.agilugr.ui.navigation.NavigationMapper","location":"app/com.project.agilugr.ui.navigation/-navigation-mapper/index.html","searchKeys":["NavigationMapper","public enum NavigationMapper extends Enum<NavigationMapper>","com.project.agilugr.ui.navigation.NavigationMapper"]},{"name":"public final class AlertBox implements ComponentAPI","description":"com.project.agilugr.ui.components.AlertBox","location":"app/com.project.agilugr.ui.components/-alert-box/index.html","searchKeys":["AlertBox","public final class AlertBox implements ComponentAPI","com.project.agilugr.ui.components.AlertBox"]},{"name":"public final class CalendarKt","description":"com.project.agilugr.ui.views.CalendarKt","location":"app/com.project.agilugr.ui.views/-calendar-kt/index.html","searchKeys":["CalendarKt","public final class CalendarKt","com.project.agilugr.ui.views.CalendarKt"]},{"name":"public final class Calendario","description":"com.project.agilugr.ui.views.Calendario","location":"app/com.project.agilugr.ui.views/-calendario/index.html","searchKeys":["Calendario","public final class Calendario","com.project.agilugr.ui.views.Calendario"]},{"name":"public final class CalposeActions","description":"com.project.agilugr.ui.views.CalposeActions","location":"app/com.project.agilugr.ui.views/-calpose-actions/index.html","searchKeys":["CalposeActions","public final class CalposeActions","com.project.agilugr.ui.views.CalposeActions"]},{"name":"public final class CalposeDate","description":"com.project.agilugr.ui.views.CalposeDate","location":"app/com.project.agilugr.ui.views/-calpose-date/index.html","searchKeys":["CalposeDate","public final class CalposeDate","com.project.agilugr.ui.views.CalposeDate"]},{"name":"public final class CalposeProperties","description":"com.project.agilugr.ui.views.CalposeProperties","location":"app/com.project.agilugr.ui.views/-calpose-properties/index.html","searchKeys":["CalposeProperties","public final class CalposeProperties","com.project.agilugr.ui.views.CalposeProperties"]},{"name":"public final class CalposeWidgets","description":"com.project.agilugr.ui.views.CalposeWidgets","location":"app/com.project.agilugr.ui.views/-calpose-widgets/index.html","searchKeys":["CalposeWidgets","public final class CalposeWidgets","com.project.agilugr.ui.views.CalposeWidgets"]},{"name":"public final class CardComponent implements ComponentAPI","description":"com.project.agilugr.ui.components.CardComponent","location":"app/com.project.agilugr.ui.components/-card-component/index.html","searchKeys":["CardComponent","public final class CardComponent implements ComponentAPI","com.project.agilugr.ui.components.CardComponent"]},{"name":"public final class CardComponentKt","description":"com.project.agilugr.ui.components.CardComponentKt","location":"app/com.project.agilugr.ui.components/-card-component-kt/index.html","searchKeys":["CardComponentKt","public final class CardComponentKt","com.project.agilugr.ui.components.CardComponentKt"]},{"name":"public final class ColorKt","description":"com.project.agilugr.ui.theme.ColorKt","location":"app/com.project.agilugr.ui.theme/-color-kt/index.html","searchKeys":["ColorKt","public final class ColorKt","com.project.agilugr.ui.theme.ColorKt"]},{"name":"public final class ColorsKt","description":"com.project.agilugr.utils.ColorsKt","location":"app/com.project.agilugr.utils/-colors-kt/index.html","searchKeys":["ColorsKt","public final class ColorsKt","com.project.agilugr.utils.ColorsKt"]},{"name":"public final class FocusConfig","description":"com.project.agilugr.FocusConfig","location":"app/com.project.agilugr/-focus-config/index.html","searchKeys":["FocusConfig","public final class FocusConfig","com.project.agilugr.FocusConfig"]},{"name":"public final class FocusModeSelector","description":"com.project.agilugr.ui.views.FocusModeSelector","location":"app/com.project.agilugr.ui.views/-focus-mode-selector/index.html","searchKeys":["FocusModeSelector","public final class FocusModeSelector","com.project.agilugr.ui.views.FocusModeSelector"]},{"name":"public final class FocusModeSelectorKt","description":"com.project.agilugr.ui.views.FocusModeSelectorKt","location":"app/com.project.agilugr.ui.views/-focus-mode-selector-kt/index.html","searchKeys":["FocusModeSelectorKt","public final class FocusModeSelectorKt","com.project.agilugr.ui.views.FocusModeSelectorKt"]},{"name":"public final class FocusModeSessionView","description":"com.project.agilugr.ui.views.FocusModeSessionView","location":"app/com.project.agilugr.ui.views/-focus-mode-session-view/index.html","searchKeys":["FocusModeSessionView","public final class FocusModeSessionView","com.project.agilugr.ui.views.FocusModeSessionView"]},{"name":"public final class FocusModeSessionViewKt","description":"com.project.agilugr.ui.views.FocusModeSessionViewKt","location":"app/com.project.agilugr.ui.views/-focus-mode-session-view-kt/index.html","searchKeys":["FocusModeSessionViewKt","public final class FocusModeSessionViewKt","com.project.agilugr.ui.views.FocusModeSessionViewKt"]},{"name":"public final class FocusSession","description":"com.project.agilugr.FocusSession","location":"app/com.project.agilugr/-focus-session/index.html","searchKeys":["FocusSession","public final class FocusSession","com.project.agilugr.FocusSession"]},{"name":"public final class Header implements ComponentAPI","description":"com.project.agilugr.ui.components.Header","location":"app/com.project.agilugr.ui.components/-header/index.html","searchKeys":["Header","public final class Header implements ComponentAPI","com.project.agilugr.ui.components.Header"]},{"name":"public final class HeaderForProfile implements ComponentAPI","description":"com.project.agilugr.ui.components.HeaderForProfile","location":"app/com.project.agilugr.ui.components/-header-for-profile/index.html","searchKeys":["HeaderForProfile","public final class HeaderForProfile implements ComponentAPI","com.project.agilugr.ui.components.HeaderForProfile"]},{"name":"public final class HeaderKt","description":"com.project.agilugr.ui.components.HeaderKt","location":"app/com.project.agilugr.ui.components/-header-kt/index.html","searchKeys":["HeaderKt","public final class HeaderKt","com.project.agilugr.ui.components.HeaderKt"]},{"name":"public final class HyperlinksKt","description":"com.project.agilugr.ui.components.HyperlinksKt","location":"app/com.project.agilugr.ui.components/-hyperlinks-kt/index.html","searchKeys":["HyperlinksKt","public final class HyperlinksKt","com.project.agilugr.ui.components.HyperlinksKt"]},{"name":"public final class IndexSelector","description":"com.project.agilugr.ui.views.IndexSelector","location":"app/com.project.agilugr.ui.views/-index-selector/index.html","searchKeys":["IndexSelector","public final class IndexSelector","com.project.agilugr.ui.views.IndexSelector"]},{"name":"public final class IndexSelectorKt","description":"com.project.agilugr.ui.views.IndexSelectorKt","location":"app/com.project.agilugr.ui.views/-index-selector-kt/index.html","searchKeys":["IndexSelectorKt","public final class IndexSelectorKt","com.project.agilugr.ui.views.IndexSelectorKt"]},{"name":"public final class MainActivity extends AppCompatActivity","description":"com.project.agilugr.MainActivity","location":"app/com.project.agilugr/-main-activity/index.html","searchKeys":["MainActivity","public final class MainActivity extends AppCompatActivity","com.project.agilugr.MainActivity"]},{"name":"public final class MockFocusAPI implements FocusAPI","description":"com.project.agilugr.MockFocusAPI","location":"app/com.project.agilugr/-mock-focus-a-p-i/index.html","searchKeys":["MockFocusAPI","public final class MockFocusAPI implements FocusAPI","com.project.agilugr.MockFocusAPI"]},{"name":"public final class MockedProfile implements IndexAPI","description":"com.project.agilugr.backend.MockedProfile","location":"app/com.project.agilugr.backend/-mocked-profile/index.html","searchKeys":["MockedProfile","public final class MockedProfile implements IndexAPI","com.project.agilugr.backend.MockedProfile"]},{"name":"public final class NavigationDirector","description":"com.project.agilugr.ui.navigation.NavigationDirector","location":"app/com.project.agilugr.ui.navigation/-navigation-director/index.html","searchKeys":["NavigationDirector","public final class NavigationDirector","com.project.agilugr.ui.navigation.NavigationDirector"]},{"name":"public final class NavigationMapperKt","description":"com.project.agilugr.ui.navigation.NavigationMapperKt","location":"app/com.project.agilugr.ui.navigation/-navigation-mapper-kt/index.html","searchKeys":["NavigationMapperKt","public final class NavigationMapperKt","com.project.agilugr.ui.navigation.NavigationMapperKt"]},{"name":"public final class PerfilMode","description":"com.project.agilugr.ui.views.PerfilMode","location":"app/com.project.agilugr.ui.views/-perfil-mode/index.html","searchKeys":["PerfilMode","public final class PerfilMode","com.project.agilugr.ui.views.PerfilMode"]},{"name":"public final class PerfilModeKt","description":"com.project.agilugr.ui.views.PerfilModeKt","location":"app/com.project.agilugr.ui.views/-perfil-mode-kt/index.html","searchKeys":["PerfilModeKt","public final class PerfilModeKt","com.project.agilugr.ui.views.PerfilModeKt"]},{"name":"public final class SessionDuration","description":"com.project.agilugr.utils.SessionDuration","location":"app/com.project.agilugr.utils/-session-duration/index.html","searchKeys":["SessionDuration","public final class SessionDuration","com.project.agilugr.utils.SessionDuration"]},{"name":"public final class ShapeKt","description":"com.project.agilugr.ui.theme.ShapeKt","location":"app/com.project.agilugr.ui.theme/-shape-kt/index.html","searchKeys":["ShapeKt","public final class ShapeKt","com.project.agilugr.ui.theme.ShapeKt"]},{"name":"public final class StatsView","description":"com.project.agilugr.ui.views.StatsView","location":"app/com.project.agilugr.ui.views/-stats-view/index.html","searchKeys":["StatsView","public final class StatsView","com.project.agilugr.ui.views.StatsView"]},{"name":"public final class ThemeKt","description":"com.project.agilugr.ui.theme.ThemeKt","location":"app/com.project.agilugr.ui.theme/-theme-kt/index.html","searchKeys":["ThemeKt","public final class ThemeKt","com.project.agilugr.ui.theme.ThemeKt"]},{"name":"public final class TuiView","description":"com.project.agilugr.ui.views.TuiView","location":"app/com.project.agilugr.ui.views/-tui-view/index.html","searchKeys":["TuiView","public final class TuiView","com.project.agilugr.ui.views.TuiView"]},{"name":"public final class TypeKt","description":"com.project.agilugr.ui.theme.TypeKt","location":"app/com.project.agilugr.ui.theme/-type-kt/index.html","searchKeys":["TypeKt","public final class TypeKt","com.project.agilugr.ui.theme.TypeKt"]},{"name":"public final class phone_dimensions","description":"com.project.agilugr.utils.phone_dimensions","location":"app/com.project.agilugr.utils/phone_dimensions/index.html","searchKeys":["phone_dimensions","public final class phone_dimensions","com.project.agilugr.utils.phone_dimensions"]},{"name":"public interface ComponentAPI","description":"com.project.agilugr.ui.components.ComponentAPI","location":"app/com.project.agilugr.ui.components/-component-a-p-i/index.html","searchKeys":["ComponentAPI","public interface ComponentAPI","com.project.agilugr.ui.components.ComponentAPI"]},{"name":"public interface FocusAPI","description":"com.project.agilugr.FocusAPI","location":"app/com.project.agilugr/-focus-a-p-i/index.html","searchKeys":["FocusAPI","public interface FocusAPI","com.project.agilugr.FocusAPI"]},{"name":"public interface IndexAPI","description":"com.project.agilugr.backend.IndexAPI","location":"app/com.project.agilugr.backend/-index-a-p-i/index.html","searchKeys":["IndexAPI","public interface IndexAPI","com.project.agilugr.backend.IndexAPI"]}]
